Accountability,FR16,63
Administration,C07,12
Alone Time,SA08,107
Animal Names,FR25,80
Brother Dance Coordinator,C04,8
Challenger Sensei,FR05,47
Closing Announcements Friday,FR30,
Cock Talk,SU06,137
Confidential Questionnaire,FR20,69
Context Presentation Apr 2011,FR21,70
Contraband,FR13,55
Earth Steward Coordinator,C08,14
Escort Coordinator,C22,31
Escort Coordinator,C22,0
Escorts,0,0
Facilities Coordinator,C10,15
Goodbye Ceremony,SU12,146
Graduation Coordinator,C11,
Greeting Coordinator,C12,18
I Know I Am Man,FR24,79
Initiate Mentor Coordinator,0,0
Inside Greeter and Food Putter,FR06,48
Integrating the Training,C13,145
Integration Group Coordinator,C13,20
Intro to Feelings and I-Statements,SA03,98
King Sensei-Elder,FR14,30
Little Boys Deepest Needs,SA06,103
Medic,SF1,22
Mid Adv Bandit,FR28,86
Mid Adv Discussion,FR29,88
Midnight Adventure Coordinator,C16,23
Mission-Affirmation,SA07,104
Moran Dance,SA02,95
Morning Circle,SU02,134
Music Coordinator,C18,25
Outlander Coordinator,0,0
Outside Greeter,FR04,46
Parking Director,FR03,42
Photographer,FR10,49
Purification and Renewal Ceremony,SU08,141
Renaming Ceremony,SU02,134
Road Warrior,FR02,41
Rookie Coordinator,C22,31
Rules and Logistics,FR18,65
Sacred Objects Table,FR11,51
Saturday Initiate Wake Up,SA01,92
Saturday Morning Check In,SA04,99
Secret Male Ritual,FR17,64
Shadow Mission,SA11,115
Sunday Morning Circle,SU05,136
Table 1,FR05,50
Table 2,FR12,52
Talisman Ceremony Coordinator,C25,35
Talisman Making Coordinator,C26,
Trust Walk,SA12,117
Whats at Risk,FR22-1,72
Wildman-Gift Part 1,FR23,76
Wrap Up Coordinator,C06,10
